Survey,Tow,Date,Animal,Orientation,Taxa,Length,Calibration_mm,Body,Body_m,Height_scaled,Height_m,Y_low,Y_high,Midsection
kpop,h15,06172016,A076,Lateral,krill,21.8755,1,0,0,0,0,0,0,0
kpop,h15,06172016,A076,Lateral,krill,21.8755,1,0.0025,0.0001,0.00513452264325814,0.0001,-0.000101494201881861,1.08260482007321e-05,-3.0531762834757e-06
kpop,h15,06172016,A076,Lateral,krill,21.8755,1,0.005,0.0001,0.0102690452865163,0.0002,-0.000202988403763723,2.16520964014642e-05,-6.10635256695261e-06
kpop,h15,06172016,A076,Lateral,krill,21.8755,1,0.0075,0.0002,0.0154035679297743,0.0003,-0.000304482605645583,3.24781446021951e-05,-9.15952885042953e-06
kpop,h15,06172016,A076,Lateral,krill,21.8755,1,0.01,0.0002,0.0205380905730325,0.0004,-0.000405976807527444,4.33041928029272e-05,-1.22127051339064e-05
kpop,h15,06172016,A076,Lateral,krill,21.8755,1,0.0125,0.0003,0.0252038005405386,0.0006,-0.000497215497720893,5.41302410036581e-05,-1.52658814173846e-05
kpop,h15,06172016,A076,Lateral,krill,21.8755,1,0.015,0.0003,0.0264940592426309,0.0006,-0.000514614503757783,6.49562892043902e-05,-1.83190577008615e-05
kpop,h15,06172016,A076,Lateral,krill,21.8755,1,0.0175,0.0004,0.0277843179447234,0.0006,-0.000532013509794673,7.57823374051223e-05,-2.13722339843372e-05
kpop,h15,06172016,A076,Lateral,krill,21.8755,1,0.02,0.0004,0.0290745766468158,0.0006,-0.000549412515831564,8.66083856058545e-05,-2.44254102678141e-05
kpop,h15,06172016,A076,Lateral,krill,21.8755,1,0.0225,0.0005,0.0303648353489082,0.0007,-0.000566811521868455,9.74344338065853e-05,-2.7478586551291e-05
kpop,h15,06172016,A076,Lateral,krill,21.8755,1,0.025,0.0005,0.0316550940510005,0.0007,-0.000584210527905346,0.000108260482007316,-3.05317628347691e-05
kpop,h15,06172016,A076,Lateral,krill,21.8755,1,0.0275,0.0006,0.032945352753093,0.0007,-0.000601609533942237,0.00011908653020805,-3.35849391182461e-05
kpop,h15,06172016,A076,Lateral,krill,21.8755,1,0.03,0.0007,0.0342356114551853,0.0007,-0.000619008539979126,0.00012991257840878,-3.6638115401723e-05
kpop,h15,06172016,A076,Lateral,krill,21.8755,1,0.0325,0.0007,0.0350998792983455,0.0008,-0.000636407546016017,0.00013141986357494,-3.96912916851999e-05
kpop,h15,06172016,A076,Lateral,krill,21.8755,1,0.035,0.0008,0.0358781203148746,0.0008,-0.000654183766275929,0.00013066805467211,-4.27444679686768e-05
kpop,h15,06172016,A076,Lateral,krill,21.8755,1,0.0375,0.0008,0.0366685756080135,0.0008,-0.000672227179943816,0.000129916245769283,-4.57976442521549e-05
kpop,h15,06172016,A076,Lateral,krill,21.8755,1,0.04,0.0009,0.0374590309011522,0.0008,-0.000690270593611701,0.000129164436866454,-4.88508205356306e-05
kpop,h15,06172016,A076,Lateral,krill,21.8755,1,0.0425,0.0009,0.038249486194291,0.0008,-0.000708314007279588,0.000128412627963624,-5.19039968191076e-05
kpop,h15,06172016,A076,Lateral,krill,21.8755,1,0.045,0.001,0.0390399414874299,0.0009,-0.000726357420947475,0.000127660819060798,-5.49571731025845e-05
kpop,h15,06172016,A076,Lateral,krill,21.8755,1,0.0475,0.001,0.0398303967805687,0.0009,-0.00074440083461536,0.000126909010157969,-5.80103493860626e-05
kpop,h15,06172016,A076,Lateral,krill,21.8755,1,0.05,0.0011,0.0406208520737074,0.0009,-0.000762444248283247,0.000126157201255139,-6.10635256695383e-05
kpop,h15,06172016,A076,Lateral,krill,21.8755,1,0.0525,0.0011,0.0414113073668462,0.0009,-0.000780487661951133,0.00012540539235231,-6.41167019530164e-05
kpop,h15,06172016,A076,Lateral,krill,21.8755,1,0.055,0.0012,0.042201762659985,0.0009,-0.00079853107561902,0.000124653583449482,-6.71698782364921e-05
kpop,h15,06172016,A076,Lateral,krill,21.8755,1,0.0575,0.0013,0.0429922179531238,0.0009,-0.000816574489286907,0.000123901774546653,-7.0223054519969e-05
kpop,h15,06172016,A076,Lateral,krill,21.8755,1,0.06,0.0013,0.0437826732462626,0.001,-0.000834617902954791,0.000123149965643826,-7.32762308034459e-05
kpop,h15,06172016,A076,Lateral,krill,21.8755,1,0.0625,0.0014,0.0442091582224736,0.001,-0.000844699283954725,0.000122398156740997,-7.63294070869229e-05
kpop,h15,06172016,A076,Lateral,krill,21.8755,1,0.065,0.0014,0.0444027021958509,0.001,-0.000849684964047168,0.000121646347838168,-7.9382583370401e-05
kpop,h15,06172016,A076,Lateral,krill,21.8755,1,0.0675,0.0015,0.0445962461692281,0.001,-0.000854670644139609,0.000120894538935339,-8.24357596538779e-05
kpop,h15,06172016,A076,Lateral,krill,21.8755,1,0.07,0.0015,0.0447897901426053,0.001,-0.000859656324232051,0.000120142730032512,-8.54889359373536e-05
kpop,h15,06172016,A076,Lateral,krill,21.8755,1,0.0725,0.0016,0.0449833341159826,0.001,-0.000864642004324494,0.000119390921129683,-8.85421122208305e-05
kpop,h15,06172016,A076,Lateral,krill,21.8755,1,0.075,0.0016,0.0451768780893598,0.001,-0.000869627684416935,0.000118639112226854,-9.15952885043074e-05
kpop,h15,06172016,A076,Lateral,krill,21.8755,1,0.0775,0.0017,0.045370422062737,0.001,-0.000874613364509378,0.000117887303324026,-9.46484647877856e-05
kpop,h15,06172016,A076,Lateral,krill,21.8755,1,0.08,0.0018,0.0455639660361143,0.001,-0.000879599044601822,0.000117135494421197,-9.77016410712613e-05
kpop,h15,06172016,A076,Lateral,krill,21.8755,1,0.0825,0.0018,0.0457575100094915,0.001,-0.000884584724694263,0.000116383685518368,-0.000100754817354739
kpop,h15,06172016,A076,Lateral,krill,21.8755,1,0.085,0.0019,0.0459510539828688,0.001,-0.000889570404786706,0.000115631876615541,-0.000103807993638215
kpop,h15,06172016,A076,Lateral,krill,21.8755,1,0.0875,0.0019,0.0464115756984143,0.001,-0.000894556084879148,0.000120720339311513,-0.000106861169921693
kpop,h15,06172016,A076,Lateral,krill,21.8755,1,0.09,0.002,0.0469178650269029,0.001,-0.000899541764971589,0.000126809991424426,-0.00010991434620517
kpop,h15,06172016,A076,Lateral,krill,21.8755,1,0.0925,0.002,0.0474241543553917,0.001,-0.000904527445064033,0.000132899643537337,-0.000112967522488647
kpop,h15,06172016,A076,Lateral,krill,21.8755,1,0.095,0.0021,0.0479304436838803,0.001,-0.000909513125156475,0.000138989295650249,-0.000116020698772124
kpop,h15,06172016,A076,Lateral,krill,21.8755,1,0.0975,0.0021,0.048436733012369,0.0011,-0.000914498805248917,0.000145078947763161,-0.000119073875055601
kpop,h15,06172016,A076,Lateral,krill,21.8755,1,0.1,0.0022,0.0489430223408576,0.0011,-0.000919484485341359,0.000151168599876071,-0.000122127051339077
kpop,h15,06172016,A076,Lateral,krill,21.8755,1,0.1025,0.0022,0.0494493116693463,0.0011,-0.000924470165433802,0.000157258251988983,-0.000125180227622555
kpop,h15,06172016,A076,Lateral,krill,21.8755,1,0.105,0.0023,0.049955600997835,0.0011,-0.000929455845526244,0.000163347904101894,-0.000128233403906033
kpop,h15,06172016,A076,Lateral,krill,21.8755,1,0.1075,0.0024,0.0504618903263237,0.0011,-0.000934441525618687,0.000169437556214807,-0.000131286580189509
kpop,h15,06172016,A076,Lateral,krill,21.8755,1,0.11,0.0024,0.0509681796548123,0.0011,-0.000939427205711128,0.000175527208327719,-0.000134339756472985
kpop,h15,06172016,A076,Lateral,krill,21.8755,1,0.1125,0.0025,0.051474468983301,0.0011,-0.000944412885803571,0.000181616860440631,-0.000137392932756462
kpop,h15,06172016,A076,Lateral,krill,21.8755,1,0.115,0.0025,0.0519807583117897,0.0011,-0.000949398565896014,0.000187706512553541,-0.000140446109039938
kpop,h15,06172016,A076,Lateral,krill,21.8755,1,0.1175,0.0026,0.0524870476402784,0.0011,-0.000954384245988456,0.000193796164666454,-0.000143499285323416
kpop,h15,06172016,A076,Lateral,krill,21.8755,1,0.12,0.0026,0.0529412055197372,0.0012,-0.000958229524567645,0.000199885816779366,-0.000146552461606894
kpop,h15,06172016,A076,Lateral,krill,21.8755,1,0.1225,0.0027,0.0533287509921021,0.0012,-0.000960617623435452,0.000205975468892277,-0.00014960563789037
kpop,h15,06172016,A076,Lateral,krill,21.8755,1,0.125,0.0027,0.053716296464467,0.0012,-0.00096300572230326,0.000212065121005188,-0.000152658814173847
kpop,h15,06172016,A076,Lateral,krill,21.8755,1,0.1275,0.0028,0.0541038419368321,0.0012,-0.00096539382117107,0.000218154773118101,-0.000155711990457324
kpop,h15,06172016,A076,Lateral,krill,21.8755,1,0.13,0.0028,0.054491387409197,0.0012,-0.000967781920038878,0.000224244425231011,-0.000158765166740802
kpop,h15,06172016,A076,Lateral,krill,21.8755,1,0.1325,0.0029,0.054878932881562,0.0012,-0.000970170018906688,0.000230334077343923,-0.000161818343024278
kpop,h15,06172016,A076,Lateral,krill,21.8755,1,0.135,0.003,0.055266478353927,0.0012,-0.000972558117774495,0.000236423729456834,-0.000164871519307756
kpop,h15,06172016,A076,Lateral,krill,21.8755,1,0.1375,0.003,0.055654023826292,0.0012,-0.000974946216642304,0.000242513381569746,-0.000167924695591231
kpop,h15,06172016,A076,Lateral,krill,21.8755,1,0.14,0.0031,0.0560415692986569,0.0012,-0.000977334315510112,0.000248603033682658,-0.00017097787187471
kpop,h15,06172016,A076,Lateral,krill,21.8755,1,0.1425,0.0031,0.0564291147710219,0.0012,-0.00097972241437792,0.000254692685795569,-0.000174031048158185
kpop,h15,06172016,A076,Lateral,krill,21.8755,1,0.145,0.0032,0.0568166602433869,0.0012,-0.000982110513245729,0.000260782337908482,-0.000177084224441663
kpop,h15,06172016,A076,Lateral,krill,21.8755,1,0.1475,0.0032,0.0571813777915916,0.0013,-0.000984498612113537,0.000266372617766425,-0.000180137400725139
kpop,h15,06172016,A076,Lateral,krill,21.8755,1,0.15,0.0033,0.0575196630065581,0.0013,-0.000986886710981346,0.000271384677118615,-0.000183190577008617
kpop,h15,06172016,A076,Lateral,krill,21.8755,1,0.1525,0.0033,0.0578579482215246,0.0013,-0.000989274809849155,0.000276396736470807,-0.000186243753292094
kpop,h15,06172016,A076,Lateral,krill,21.8755,1,0.155,0.0034,0.0581962334364911,0.0013,-0.000991662908716963,0.000281408795822997,-0.000189296929575571
kpop,h15,06172016,A076,Lateral,krill,21.8755,1,0.1575,0.0034,0.0585345186514575,0.0013,-0.000994051007584771,0.000286420855175188,-0.000192350105859048
kpop,h15,06172016,A076,Lateral,krill,21.8755,1,0.16,0.0035,0.058872803866424,0.0013,-0.000996439106452579,0.000291432914527379,-0.000195403282142525
kpop,h15,06172016,A076,Lateral,krill,21.8755,1,0.1625,0.0036,0.0592110890813905,0.0013,-0.000998827205320389,0.000296444973879569,-0.000198456458426002
kpop,h15,06172016,A076,Lateral,krill,21.8755,1,0.165,0.0036,0.059549374296357,0.0013,-0.0010012153041882,0.00030145703323176,-0.000201509634709479
kpop,h15,06172016,A076,Lateral,krill,21.8755,1,0.1675,0.0037,0.0598876595113234,0.0013,-0.00100360340305601,0.00030646909258395,-0.000204562810992956
kpop,h15,06172016,A076,Lateral,krill,21.8755,1,0.17,0.0037,0.0602259447262899,0.0013,-0.00100599150192381,0.000311481151936141,-0.000207615987276433
kpop,h15,06172016,A076,Lateral,krill,21.8755,1,0.1725,0.0038,0.0608370605337332,0.0013,-0.00101434790641735,0.000316493211288332,-0.00021066916355991
kpop,h15,06172016,A076,Lateral,krill,21.8755,1,0.175,0.0038,0.061561071758753,0.0013,-0.00102517395461808,0.000321505270640522,-0.000213722339843386
kpop,h15,06172016,A076,Lateral,krill,21.8755,1,0.1775,0.0039,0.0622850829837729,0.0014,-0.00103600000281881,0.000326517329992713,-0.000216775516126863
kpop,h15,06172016,A076,Lateral,krill,21.8755,1,0.18,0.0039,0.0630090942087928,0.0014,-0.00104682605101954,0.000331529389344904,-0.00021982869241034
kpop,h15,06172016,A076,Lateral,krill,21.8755,1,0.1825,0.004,0.0637331054338127,0.0014,-0.00105765209922027,0.000336541448697094,-0.000222881868693817
kpop,h15,06172016,A076,Lateral,krill,21.8755,1,0.185,0.004,0.0644571166588326,0.0014,-0.00106847814742101,0.000341553508049285,-0.000225935044977294
kpop,h15,06172016,A076,Lateral,krill,21.8755,1,0.1875,0.0041,0.0651811278838524,0.0014,-0.00107930419562174,0.000346565567401475,-0.000228988221260771
kpop,h15,06172016,A076,Lateral,krill,21.8755,1,0.19,0.0042,0.0659051391088724,0.0014,-0.00109013024382247,0.000351577626753666,-0.000232041397544249
kpop,h15,06172016,A076,Lateral,krill,21.8755,1,0.1925,0.0042,0.0666291503338923,0.0015,-0.0011009562920232,0.000356589686105857,-0.000235094573827725
kpop,h15,06172016,A076,Lateral,krill,21.8755,1,0.195,0.0043,0.067353161558912,0.0015,-0.00111178234022393,0.000361601745458047,-0.000238147750111203
kpop,h15,06172016,A076,Lateral,krill,21.8755,1,0.1975,0.0043,0.0680771727839319,0.0015,-0.00112260838842467,0.000366613804810238,-0.000241200926394679
kpop,h15,06172016,A076,Lateral,krill,21.8755,1,0.2,0.0044,0.0688011840089519,0.0015,-0.0011334344366254,0.000371625864162429,-0.000244254102678157
kpop,h15,06172016,A076,Lateral,krill,21.8755,1,0.2025,0.0044,0.0695251952339718,0.0015,-0.00114426048482613,0.00037663792351462,-0.000247307278961634
kpop,h15,06172016,A076,Lateral,krill,21.8755,1,0.205,0.0045,0.0702492064589916,0.0015,-0.00115508653302686,0.00038164998286681,-0.000250360455245111
kpop,h15,06172016,A076,Lateral,krill,21.8755,1,0.2075,0.0045,0.0709732176840115,0.0016,-0.00116591258122759,0.000386662042219001,-0.000253413631528588
kpop,h15,06172016,A076,Lateral,krill,21.8755,1,0.21,0.0046,0.0716972289090314,0.0016,-0.00117673862942832,0.000391674101571191,-0.000256466807812064
kpop,h15,06172016,A076,Lateral,krill,21.8755,1,0.2125,0.0046,0.0724212401340512,0.0016,-0.00118756467762906,0.000396686160923382,-0.00025951998409554
kpop,h15,06172016,A076,Lateral,krill,21.8755,1,0.215,0.0047,0.0731452513590711,0.0016,-0.00119839072582979,0.000401698220275572,-0.000262573160379018
kpop,h15,06172016,A076,Lateral,krill,21.8755,1,0.2175,0.0048,0.073869262584091,0.0016,-0.00120921677403052,0.000406710279627763,-0.000265626336662495
kpop,h15,06172016,A076,Lateral,krill,21.8755,1,0.22,0.0048,0.0745932738091109,0.0016,-0.00122004282223125,0.000411722338979954,-0.000268679512945972
kpop,h15,06172016,A076,Lateral,krill,21.8755,1,0.2225,0.0049,0.0753172850341308,0.0016,-0.00123086887043198,0.000416734398332145,-0.000271732689229449
kpop,h15,06172016,A076,Lateral,krill,21.8755,1,0.225,0.0049,0.0760412962591507,0.0017,-0.00124169491863271,0.000421746457684336,-0.000274785865512926
kpop,h15,06172016,A076,Lateral,krill,21.8755,1,0.2275,0.005,0.0767653074841706,0.0017,-0.00125252096683345,0.000426758517036526,-0.000277839041796404
kpop,h15,06172016,A076,Lateral,krill,21.8755,1,0.23,0.005,0.0773442482290923,0.0017,-0.00126334701503418,0.00042859708710133,-0.00028089221807988
kpop,h15,06172016,A076,Lateral,krill,21.8755,1,0.2325,0.0051,0.0776258950779731,0.0017,-0.00127041035136027,0.000427694916417935,-0.000283945394363357
kpop,h15,06172016,A076,Lateral,krill,21.8755,1,0.235,0.0051,0.0775370679948645,0.0017,-0.00126936938518712,0.000426792745734541,-0.000286998570646834
kpop,h15,06172016,A076,Lateral,krill,21.8755,1,0.2375,0.0052,0.077448240911756,0.0017,-0.00126832841901397,0.000425890575051146,-0.000290051746930311
kpop,h15,06172016,A076,Lateral,krill,21.8755,1,0.24,0.0053,0.0773594138286474,0.0017,-0.00126728745284082,0.000424988404367752,-0.000293104923213787
kpop,h15,06172016,A076,Lateral,krill,21.8755,1,0.2425,0.0053,0.0772705867455388,0.0017,-0.00126624648666768,0.000424086233684356,-0.000296158099497266
kpop,h15,06172016,A076,Lateral,krill,21.8755,1,0.245,0.0054,0.0771817596624302,0.0017,-0.00126520552049453,0.000423184063000962,-0.000298011224809515
kpop,h15,06172016,A076,Lateral,krill,21.8755,1,0.2475,0.0054,0.0770929325793216,0.0017,-0.00126416455432138,0.000422281892317569,-0.000293543062521733
kpop,h15,06172016,A076,Lateral,krill,21.8755,1,0.25,0.0055,0.0770041054962132,0.0017,-0.00126312358814824,0.000421379721634175,-0.000289074900233952
kpop,h15,06172016,A076,Lateral,krill,21.8755,1,0.2525,0.0055,0.0769152784131045,0.0017,-0.00126208262197509,0.00042047755095078,-0.000284606737946171
kpop,h15,06172016,A076,Lateral,krill,21.8755,1,0.255,0.0056,0.0768264513299959,0.0017,-0.00126104165580194,0.000419575380267386,-0.00028013857565839
kpop,h15,06172016,A076,Lateral,krill,21.8755,1,0.2575,0.0056,0.0767376242468875,0.0017,-0.00126000068962879,0.000418673209583993,-0.000275670413370608
kpop,h15,06172016,A076,Lateral,krill,21.8755,1,0.26,0.0057,0.0766487971637788,0.0017,-0.00125895972345565,0.000417771038900598,-0.000271202251082828
kpop,h15,06172016,A076,Lateral,krill,21.8755,1,0.2625,0.0057,0.0765599700806703,0.0017,-0.0012579187572825,0.000416868868217203,-0.000266734088795048
kpop,h15,06172016,A076,Lateral,krill,21.8755,1,0.265,0.0058,0.0764711429975616,0.0017,-0.00125687779110935,0.000415966697533808,-0.000262265926507265
kpop,h15,06172016,A076,Lateral,krill,21.8755,1,0.2675,0.0059,0.0763823159144531,0.0017,-0.0012558368249362,0.000415064526850415,-0.000257797764219485
kpop,h15,06172016,A076,Lateral,krill,21.8755,1,0.27,0.0059,0.0762934888313445,0.0017,-0.00125479585876306,0.00041416235616702,-0.000253329601931703
kpop,h15,06172016,A076,Lateral,krill,21.8755,1,0.2725,0.006,0.0762046617482359,0.0017,-0.00125375489258991,0.000413260185483625,-0.000248861439643922
kpop,h15,06172016,A076,Lateral,krill,21.8755,1,0.275,0.006,0.0761158346651273,0.0017,-0.00125271392641676,0.00041235801480023,-0.000244393277356142
kpop,h15,06172016,A076,Lateral,krill,21.8755,1,0.2775,0.0061,0.0760270075820189,0.0017,-0.00125167296024362,0.000411455844116838,-0.000239925115068361
kpop,h15,06172016,A076,Lateral,krill,21.8755,1,0.28,0.0061,0.0759381804989102,0.0017,-0.00125063199407047,0.000410553673433443,-0.000235456952780579
kpop,h15,06172016,A076,Lateral,krill,21.8755,1,0.2825,0.0062,0.0758493534158017,0.0017,-0.00124959102789732,0.000409651502750048,-0.000230988790492798
kpop,h15,06172016,A076,Lateral,krill,21.8755,1,0.285,0.0062,0.075760526332693,0.0017,-0.00124855006172417,0.000408749332066653,-0.000226520628205017
kpop,h15,06172016,A076,Lateral,krill,21.8755,1,0.2875,0.0063,0.0756716992495844,0.0017,-0.00124750909555103,0.000407847161383259,-0.000222052465917235
kpop,h15,06172016,A076,Lateral,krill,21.8755,1,0.29,0.0063,0.075582872166476,0.0017,-0.00124646812937788,0.000406944990699865,-0.000217584303629456
kpop,h15,06172016,A076,Lateral,krill,21.8755,1,0.2925,0.0064,0.0754940450833673,0.0017,-0.00124542716320473,0.000406042820016471,-0.000213116141341673
kpop,h15,06172016,A076,Lateral,krill,21.8755,1,0.295,0.0065,0.0754052180002587,0.0016,-0.00124438619703158,0.000405140649333077,-0.000208647979053892
kpop,h15,06172016,A076,Lateral,krill,21.8755,1,0.2975,0.0065,0.0753163909171502,0.0016,-0.00124334523085844,0.000404238478649682,-0.000204179816766111
kpop,h15,06172016,A076,Lateral,krill,21.8755,1,0.3,0.0066,0.0752275638340416,0.0016,-0.00124230426468529,0.000403336307966287,-0.000199711654478331
kpop,h15,06172016,A076,Lateral,krill,21.8755,1,0.3025,0.0066,0.075138736750933,0.0016,-0.00124126329851214,0.000402434137282893,-0.000195243492190549
kpop,h15,06172016,A076,Lateral,krill,21.8755,1,0.305,0.0067,0.0750499096678245,0.0016,-0.001240222332339,0.000401531966599499,-0.000190775329902769
kpop,h15,06172016,A076,Lateral,krill,21.8755,1,0.3075,0.0067,0.074961082584716,0.0016,-0.00123918136616585,0.000400629795916106,-0.000186307167614986
kpop,h15,06172016,A076,Lateral,krill,21.8755,1,0.31,0.0068,0.0748722555016074,0.0016,-0.0012381403999927,0.000399727625232711,-0.000181839005327205
kpop,h15,06172016,A076,Lateral,krill,21.8755,1,0.3125,0.0068,0.074646473769455,0.0016,-0.0012341034823944,0.000398825454549316,-0.000177370843039423
kpop,h15,06172016,A076,Lateral,krill,21.8755,1,0.315,0.0069,0.0743330410619148,0.0016,-0.00122814915588399,0.000397923283865922,-0.000172902680751644
kpop,h15,06172016,A076,Lateral,krill,21.8755,1,0.3175,0.0069,0.0740196083543745,0.0016,-0.00122219482937359,0.000397021113182527,-0.000168434518463862
kpop,h15,06172016,A076,Lateral,krill,21.8755,1,0.32,0.007,0.0737061756468342,0.0016,-0.00121624050286319,0.000396118942499132,-0.000163966356176082
kpop,h15,06172016,A076,Lateral,krill,21.8755,1,0.3225,0.0071,0.0734950195437282,0.0016,-0.00121028617635279,0.000397454123676038,-0.0001594981938883
kpop,h15,06172016,A076,Lateral,krill,21.8755,1,0.325,0.0071,0.0732891083946956,0.0016,-0.00120433184984239,0.000398904040845778,-0.000155030031600519
kpop,h15,06172016,A076,Lateral,krill,21.8755,1,0.3275,0.0072,0.0730831972456631,0.0016,-0.00119837752333198,0.000400353958015519,-0.000150561869312738
kpop,h15,06172016,A076,Lateral,krill,21.8755,1,0.33,0.0072,0.0728772860966305,0.0016,-0.00119242319682158,0.00040180387518526,-0.000146093707024957
kpop,h15,06172016,A076,Lateral,krill,21.8755,1,0.3325,0.0073,0.072671374947598,0.0016,-0.00118646887031118,0.000403253792355002,-0.000141625544737175
kpop,h15,06172016,A076,Lateral,krill,21.8755,1,0.335,0.0073,0.0724654637985654,0.0016,-0.00118051454380078,0.000404703709524743,-0.000137157382449395
kpop,h15,06172016,A076,Lateral,krill,21.8755,1,0.3375,0.0074,0.0722595526495329,0.0016,-0.00117456021729037,0.000406153626694484,-0.000132689220161613
kpop,h15,06172016,A076,Lateral,krill,21.8755,1,0.34,0.0074,0.0720536415005003,0.0016,-0.00116860589077997,0.000407603543864225,-0.000128221057873832
kpop,h15,06172016,A076,Lateral,krill,21.8755,1,0.3425,0.0075,0.0718477303514677,0.0016,-0.00116265156426957,0.000409053461033965,-0.00012375289558605
kpop,h15,06172016,A076,Lateral,krill,21.8755,1,0.345,0.0075,0.0716418192024352,0.0016,-0.00115669723775917,0.000410503378203706,-0.00011928473329827
kpop,h15,06172016,A076,Lateral,krill,21.8755,1,0.3475,0.0076,0.0714359080534027,0.0016,-0.00115074291124876,0.000411953295373447,-0.000114816571010489
kpop,h15,06172016,A076,Lateral,krill,21.8755,1,0.35,0.0077,0.0712299969043701,0.0016,-0.00114478858473836,0.000413403212543188,-0.000110348408722706
kpop,h15,06172016,A076,Lateral,krill,21.8755,1,0.3525,0.0077,0.0710240857553376,0.0016,-0.00113883425822796,0.000414853129712929,-0.000105880246434926
kpop,h15,06172016,A076,Lateral,krill,21.8755,1,0.355,0.0078,0.070818174606305,0.0015,-0.00113287993171756,0.00041630304688267,-0.000101412084147145
kpop,h15,06172016,A076,Lateral,krill,21.8755,1,0.3575,0.0078,0.0706122634572725,0.0015,-0.00112692560520715,0.00041775296405241,-9.69439218593645e-05
kpop,h15,06172016,A076,Lateral,krill,21.8755,1,0.36,0.0079,0.0704063523082399,0.0015,-0.00112097127869675,0.000419202881222152,-9.24757595715839e-05
kpop,h15,06172016,A076,Lateral,krill,21.8755,1,0.3625,0.0079,0.0702004411592074,0.0015,-0.00111501695218635,0.000420652798391892,-8.80075972838021e-05
kpop,h15,06172016,A076,Lateral,krill,21.8755,1,0.365,0.008,0.0699945300101747,0.0015,-0.00110906262567594,0.000422102715561633,-8.35394349960204e-05
kpop,h15,06172016,A076,Lateral,krill,21.8755,1,0.3675,0.008,0.0697886188611422,0.0015,-0.00110310829916554,0.000423552632731375,-7.90712727082398e-05
kpop,h15,06172016,A076,Lateral,krill,21.8755,1,0.37,0.0081,0.0695827077121097,0.0015,-0.00109715397265514,0.000425002549901116,-7.4603110420458e-05
kpop,h15,06172016,A076,Lateral,krill,21.8755,1,0.3725,0.0081,0.0693767965630771,0.0015,-0.00109119964614474,0.000426452467070856,-7.01349481326774e-05
kpop,h15,06172016,A076,Lateral,krill,21.8755,1,0.375,0.0082,0.0691708854140446,0.0015,-0.00108524531963434,0.000427902384240597,-6.56667858448956e-05
kpop,h15,06172016,A076,Lateral,krill,21.8755,1,0.3775,0.0083,0.068964974265012,0.0015,-0.00107929099312393,0.000429352301410338,-6.1198623557115e-05
kpop,h15,06172016,A076,Lateral,krill,21.8755,1,0.38,0.0083,0.0687590631159795,0.0015,-0.00107333666661353,0.000430802218580079,-5.67304612693344e-05
kpop,h15,06172016,A076,Lateral,krill,21.8755,1,0.3825,0.0084,0.0685531519669469,0.0015,-0.00106738234010313,0.000432252135749819,-5.22622989815526e-05
kpop,h15,06172016,A076,Lateral,krill,21.8755,1,0.385,0.0084,0.0683472408179143,0.0015,-0.00106142801359272,0.00043370205291956,-4.77941366937708e-05
kpop,h15,06172016,A076,Lateral,krill,21.8755,1,0.3875,0.0085,0.0681571142725004,0.0015,-0.00105581898317878,0.000435151970089302,-4.33259744059915e-05
kpop,h15,06172016,A076,Lateral,krill,21.8755,1,0.39,0.0085,0.0680806368731404,0.0015,-0.00105269608465934,0.000436601887259042,-3.88578121182097e-05
kpop,h15,06172016,A076,Lateral,krill,21.8755,1,0.3925,0.0086,0.0680041594737803,0.0015,-0.0010495731861399,0.000438051804428783,-3.43896498304279e-05
kpop,h15,06172016,A076,Lateral,krill,21.8755,1,0.395,0.0086,0.0679276820744202,0.0015,-0.00104645028762046,0.000439501721598524,-2.99214875426461e-05
kpop,h15,06172016,A076,Lateral,krill,21.8755,1,0.3975,0.0087,0.0678512046750602,0.0015,-0.00104332738910101,0.000440951638768265,-2.54533252548655e-05
kpop,h15,06172016,A076,Lateral,krill,21.8755,1,0.4,0.0088,0.0677747272757002,0.0015,-0.00104020449058157,0.000442401555938005,-2.09851629670849e-05
kpop,h15,06172016,A076,Lateral,krill,21.8755,1,0.4025,0.0088,0.0676982498763401,0.0015,-0.00103708159206213,0.000443851473107748,-1.65170006793031e-05
kpop,h15,06172016,A076,Lateral,krill,21.8755,1,0.405,0.0089,0.06762177247698,0.0015,-0.00103395869354269,0.000445301390277487,-1.20488383915226e-05
kpop,h15,06172016,A076,Lateral,krill,21.8755,1,0.4075,0.0089,0.0676938033986713,0.0015,-0.00103083579502325,0.000450000001224387,-7.58067610374077e-06
kpop,h15,06172016,A076,Lateral,krill,21.8755,1,0.41,0.009,0.0678018363375871,0.0015,-0.0010277128965038,0.000455486174299082,-3.1125138159602e-06
kpop,h15,06172016,A076,Lateral,krill,21.8755,1,0.4125,0.009,0.0679098692765029,0.0015,-0.00102458999798436,0.000460972347373777,1.35564847182038e-06
kpop,h15,06172016,A076,Lateral,krill,21.8755,1,0.415,0.0091,0.0680179022154188,0.0015,-0.00102146709946492,0.000466458520448472,5.82381075960218e-06
kpop,h15,06172016,A076,Lateral,krill,21.8755,1,0.4175,0.0091,0.0681259351543346,0.0015,-0.00101834420094548,0.000471944693523168,1.0291973047384e-05
kpop,h15,06172016,A076,Lateral,krill,21.8755,1,0.42,0.0092,0.0682339680932504,0.0015,-0.00101522130242604,0.000477430866597863,1.47601353351646e-05
kpop,h15,06172016,A076,Lateral,krill,21.8755,1,0.4225,0.0092,0.0683420010321663,0.0015,-0.0010120984039066,0.000482917039672558,1.92282976229451e-05
kpop,h15,06172016,A076,Lateral,krill,21.8755,1,0.425,0.0093,0.0684500339710821,0.0015,-0.00100897550538715,0.000488403212747253,2.36964599107269e-05
kpop,h15,06172016,A076,Lateral,krill,21.8755,1,0.4275,0.0094,0.068558066909998,0.0015,-0.00100585260686771,0.000493889385821949,2.81646221985063e-05
kpop,h15,06172016,A076,Lateral,krill,21.8755,1,0.43,0.0094,0.0686660998489138,0.0015,-0.00100272970834827,0.000499375558896644,3.26327844862881e-05
kpop,h15,06172016,A076,Lateral,krill,21.8755,1,0.4325,0.0095,0.0687741327878296,0.0015,-0.000999606809828828,0.000504861731971339,3.71009467740687e-05
kpop,h15,06172016,A076,Lateral,krill,21.8755,1,0.435,0.0095,0.0688821657267454,0.0015,-0.000996483911309385,0.000510347905046033,4.15691090618505e-05
kpop,h15,06172016,A076,Lateral,krill,21.8755,1,0.4375,0.0096,0.0689901986656614,0.0015,-0.000993361012789946,0.000515834078120729,4.60372713496323e-05
kpop,h15,06172016,A076,Lateral,krill,21.8755,1,0.44,0.0096,0.0690982316045771,0.0015,-0.000990238114270502,0.000521320251195425,5.0505433637414e-05
kpop,h15,06172016,A076,Lateral,krill,21.8755,1,0.4425,0.0097,0.069206264543493,0.0015,-0.000987115215751061,0.00052680642427012,5.49735959251946e-05
kpop,h15,06172016,A076,Lateral,krill,21.8755,1,0.445,0.0097,0.0693142974824088,0.0015,-0.000983992317231619,0.000532292597344815,5.94417582129752e-05
kpop,h15,06172016,A076,Lateral,krill,21.8755,1,0.4475,0.0098,0.0694223304213246,0.0015,-0.000980869418712177,0.00053777877041951,6.3909920500757e-05
kpop,h15,06172016,A076,Lateral,krill,21.8755,1,0.45,0.0098,0.0695303633602405,0.0015,-0.000977746520192736,0.000543264943494205,6.83780827885376e-05
kpop,h15,06172016,A076,Lateral,krill,21.8755,1,0.4525,0.0099,0.0696383962991562,0.0015,-0.000974623621673293,0.0005487511165689,7.28462450763182e-05
kpop,h15,06172016,A076,Lateral,krill,21.8755,1,0.455,0.01,0.0697464292380721,0.0015,-0.000971500723153852,0.000554237289643595,7.73144073640999e-05
kpop,h15,06172016,A076,Lateral,krill,21.8755,1,0.4575,0.01,0.0698544621769879,0.0015,-0.000968377824634409,0.00055972346271829,8.17825696518805e-05
kpop,h15,06172016,A076,Lateral,krill,21.8755,1,0.46,0.0101,0.0699624951159038,0.0015,-0.000965254926114968,0.000565209635792985,8.62507319396623e-05
kpop,h15,06172016,A076,Lateral,krill,21.8755,1,0.4625,0.0101,0.0700705280548196,0.0015,-0.000962132027595526,0.00057069580886768,9.07188942274441e-05
kpop,h15,06172016,A076,Lateral,krill,21.8755,1,0.465,0.0102,0.0701785609937354,0.0015,-0.000959009129076084,0.000576181981942375,9.51870565152247e-05
kpop,h15,06172016,A076,Lateral,krill,21.8755,1,0.4675,0.0102,0.0702495987679201,0.0015,-0.000955076942830567,0.00058166815501707,9.96552188030053e-05
kpop,h15,06172016,A076,Lateral,krill,21.8755,1,0.47,0.0103,0.0702684080742493,0.0015,-0.000950002232736475,0.000587154328091765,0.000104123381090786
kpop,h15,06172016,A076,Lateral,krill,21.8755,1,0.4725,0.0103,0.0702872173805784,0.0015,-0.000944927522642381,0.000592640501166461,0.000108591543378569
kpop,h15,06172016,A076,Lateral,krill,21.8755,1,0.475,0.0104,0.0703060266869076,0.0015,-0.000939852812548289,0.000598126674241157,0.000113059705666349
kpop,h15,06172016,A076,Lateral,krill,21.8755,1,0.4775,0.0104,0.0703248359932366,0.0015,-0.000934778102454195,0.000603612847315852,0.00011752786795413
kpop,h15,06172016,A076,Lateral,krill,21.8755,1,0.48,0.0105,0.0703436452995657,0.0015,-0.000929703392360102,0.000609099020390547,0.000121996030241911
kpop,h15,06172016,A076,Lateral,krill,21.8755,1,0.4825,0.0106,0.0703624546058948,0.0015,-0.00092462868226601,0.000614585193465242,0.000126464192529694
kpop,h15,06172016,A076,Lateral,krill,21.8755,1,0.485,0.0106,0.0703812639122239,0.0015,-0.000919553972171916,0.000620071366539937,0.000130932354817474
kpop,h15,06172016,A076,Lateral,krill,21.8755,1,0.4875,0.0107,0.070400073218553,0.0015,-0.000914479262077823,0.000625557539614632,0.000135400517105255
kpop,h15,06172016,A076,Lateral,krill,21.8755,1,0.49,0.0107,0.070418882524882,0.0015,-0.00090940455198373,0.000631043712689327,0.000139868679393035
kpop,h15,06172016,A076,Lateral,krill,21.8755,1,0.4925,0.0108,0.0704376918312111,0.0015,-0.000904329841889637,0.000636529885764022,0.000144336841680816
kpop,h15,06172016,A076,Lateral,krill,21.8755,1,0.495,0.0108,0.0704565011375403,0.0015,-0.000899255131795544,0.000642016058838719,0.000148805003968598
kpop,h15,06172016,A076,Lateral,krill,21.8755,1,0.4975,0.0109,0.0704753104438694,0.0015,-0.000894180421701451,0.000647502231913414,0.00015327316625638
kpop,h15,06172016,A076,Lateral,krill,21.8755,1,0.5,0.0109,0.0704941197501984,0.0015,-0.000889105711607358,0.000652988404988108,0.00015774132854416
kpop,h15,06172016,A076,Lateral,krill,21.8755,1,0.5025,0.011,0.0705129290565276,0.0015,-0.000884031001513266,0.000658474578062803,0.000162209490831941
kpop,h15,06172016,A076,Lateral,krill,21.8755,1,0.505,0.011,0.0705317383628566,0.0015,-0.000878956291419171,0.000663960751137499,0.000166677653119724
kpop,h15,06172016,A076,Lateral,krill,21.8755,1,0.5075,0.0111,0.0705505476691858,0.0015,-0.000873881581325079,0.000669446924212194,0.000171145815407503
kpop,h15,06172016,A076,Lateral,krill,21.8755,1,0.51,0.0112,0.0705693569755148,0.0015,-0.000868806871230985,0.000674933097286888,0.000175613977695285
kpop,h15,06172016,A076,Lateral,krill,21.8755,1,0.5125,0.0112,0.0705881662818439,0.0015,-0.000863732161136893,0.000680419270361583,0.000180082139983065
kpop,h15,06172016,A076,Lateral,krill,21.8755,1,0.515,0.0113,0.070606975588173,0.0015,-0.0008586574510428,0.000685905443436279,0.000184550302270847
kpop,h15,06172016,A076,Lateral,krill,21.8755,1,0.5175,0.0113,0.0706257848945021,0.0015,-0.000853582740948706,0.000691391616510974,0.000189018464558629
kpop,h15,06172016,A076,Lateral,krill,21.8755,1,0.52,0.0114,0.0706930070105307,0.0015,-0.000848508030854614,0.00069793684400425,0.00019348662684641
kpop,h15,06172016,A076,Lateral,krill,21.8755,1,0.5225,0.0114,0.0707827065024912,0.0015,-0.00084343332076052,0.000704973775334727,0.00019795478913419
kpop,h15,06172016,A076,Lateral,krill,21.8755,1,0.525,0.0115,0.0708724059944518,0.0016,-0.000838358610666427,0.000712010706665203,0.000202422951421972
kpop,h15,06172016,A076,Lateral,krill,21.8755,1,0.5275,0.0115,0.0709621054864123,0.0016,-0.000833283900572335,0.000719047637995678,0.000206891113709753
kpop,h15,06172016,A076,Lateral,krill,21.8755,1,0.53,0.0116,0.0710518049783729,0.0016,-0.000828209190478241,0.000726084569326154,0.000211359275997534
kpop,h15,06172016,A076,Lateral,krill,21.8755,1,0.5325,0.0116,0.0711415044703335,0.0016,-0.000823134480384149,0.00073312150065663,0.000215827438285315
kpop,h15,06172016,A076,Lateral,krill,21.8755,1,0.535,0.0117,0.0712312039622939,0.0016,-0.000818059770290056,0.000740158431987105,0.000220295600573096
kpop,h15,06172016,A076,Lateral,krill,21.8755,1,0.5375,0.0118,0.0713209034542544,0.0016,-0.000812985060195962,0.000747195363317581,0.000224763762860877
kpop,h15,06172016,A076,Lateral,krill,21.8755,1,0.54,0.0118,0.071397318748956,0.0016,-0.000807619751644731,0.000754232294648056,0.000229231925148659
kpop,h15,06172016,A076,Lateral,krill,21.8755,1,0.5425,0.0119,0.0713962428929805,0.0016,-0.000800559285426862,0.000761269225978532,0.00023370008743644
kpop,h15,06172016,A076,Lateral,krill,21.8755,1,0.545,0.0119,0.071395167037005,0.0016,-0.000793498819208994,0.000768306157309009,0.00023816824972422
kpop,h15,06172016,A076,Lateral,krill,21.8755,1,0.5475,0.012,0.0713940911810295,0.0016,-0.000786438352991126,0.000775343088639484,0.000242636412012001
kpop,h15,06172016,A076,Lateral,krill,21.8755,1,0.55,0.012,0.0713930153250539,0.0016,-0.000779377886773257,0.000782380019969959,0.000247104574299784
kpop,h15,06172016,A076,Lateral,krill,21.8755,1,0.5525,0.0121,0.0713919394690783,0.0016,-0.000772317420555388,0.000789416951300435,0.000251572736587564
kpop,h15,06172016,A076,Lateral,krill,21.8755,1,0.555,0.0121,0.0713908636131028,0.0016,-0.000765256954337519,0.000796453882630911,0.000256040898875345
kpop,h15,06172016,A076,Lateral,krill,21.8755,1,0.5575,0.0122,0.0713897877571272,0.0016,-0.00075819648811965,0.000803490813961386,0.000260509061163126
kpop,h15,06172016,A076,Lateral,krill,21.8755,1,0.56,0.0123,0.0713887119011517,0.0016,-0.000751136021901782,0.000810527745291862,0.000264977223450907
kpop,h15,06172016,A076,Lateral,krill,21.8755,1,0.5625,0.0123,0.0713876360451762,0.0016,-0.000744075555683913,0.000817564676622338,0.000269445385738689
kpop,h15,06172016,A076,Lateral,krill,21.8755,1,0.565,0.0124,0.0713865601892006,0.0016,-0.000737015089466045,0.000824601607952814,0.00027391354802647
kpop,h15,06172016,A076,Lateral,krill,21.8755,1,0.5675,0.0124,0.0713854843332251,0.0016,-0.000729954623248176,0.000831638539283289,0.00027838171031425
kpop,h15,06172016,A076,Lateral,krill,21.8755,1,0.57,0.0125,0.0713844084772496,0.0016,-0.000722894157030308,0.000838675470613765,0.000282849872602031
kpop,h15,06172016,A076,Lateral,krill,21.8755,1,0.5725,0.0125,0.0713833326212741,0.0016,-0.00071583369081244,0.000845712401944241,0.000287318034889814
kpop,h15,06172016,A076,Lateral,krill,21.8755,1,0.575,0.0126,0.0713822567652985,0.0016,-0.000708773224594571,0.000852749333274717,0.000291786197177594
kpop,h15,06172016,A076,Lateral,krill,21.8755,1,0.5775,0.0126,0.071381180909323,0.0016,-0.000701712758376703,0.000859786264605193,0.000296254359465375
kpop,h15,06172016,A076,Lateral,krill,21.8755,1,0.58,0.0127,0.0713801050533475,0.0016,-0.000694652292158834,0.000866823195935668,0.000300722521753157
kpop,h15,06172016,A076,Lateral,krill,21.8755,1,0.5825,0.0127,0.0713790291973718,0.0016,-0.000687591825940964,0.000873860127266143,0.000305190684040939
kpop,h15,06172016,A076,Lateral,krill,21.8755,1,0.585,0.0128,0.0713779533413964,0.0016,-0.000680531359723097,0.00088089705859662,0.000309658846328719
kpop,h15,06172016,A076,Lateral,krill,21.8755,1,0.5875,0.0129,0.0713768774854208,0.0016,-0.000673470893505226,0.000887933989927096,0.0003141270086165
kpop,h15,06172016,A076,Lateral,krill,21.8755,1,0.59,0.0129,0.0713758016294452,0.0016,-0.000666410427287358,0.000894970921257571,0.00031859517090428
kpop,h15,06172016,A076,Lateral,krill,21.8755,1,0.5925,0.013,0.0713747257734697,0.0016,-0.00065934996106949,0.000902007852588047,0.000323063333192062
kpop,h15,06172016,A076,Lateral,krill,21.8755,1,0.595,0.013,0.0713435060925869,0.0016,-0.000652289494851622,0.000908385372676763,0.000327531495479844
kpop,h15,06172016,A076,Lateral,krill,21.8755,1,0.5975,0.0131,0.0711879431339617,0.0016,-0.000645229028633753,0.000912042821393227,0.000331999657767625
kpop,h15,06172016,A076,Lateral,krill,21.8755,1,0.6,0.0131,0.0710323801753365,0.0016,-0.000638168562415884,0.00091570027010969,0.000336467820055405
kpop,h15,06172016,A076,Lateral,krill,21.8755,1,0.6025,0.0132,0.0708768172167114,0.0016,-0.000631108096198016,0.000919357718826154,0.000340935982343187
kpop,h15,06172016,A076,Lateral,krill,21.8755,1,0.605,0.0132,0.0707212542580862,0.0015,-0.000624047629980147,0.000923015167542617,0.000345404144630968
kpop,h15,06172016,A076,Lateral,krill,21.8755,1,0.6075,0.0133,0.070565691299461,0.0015,-0.000616987163762279,0.00092667261625908,0.000349872306918749
kpop,h15,06172016,A076,Lateral,krill,21.8755,1,0.61,0.0133,0.0703927597019741,0.0015,-0.00060954674988499,0.000930330064975544,0.00035434046920653
kpop,h15,06172016,A076,Lateral,krill,21.8755,1,0.6125,0.0134,0.0700591681950157,0.0015,-0.000598591820158058,0.000933987513692008,0.00035880863149431
kpop,h15,06172016,A076,Lateral,krill,21.8755,1,0.615,0.0135,0.0697255766880573,0.0015,-0.000587636890431127,0.000937644962408472,0.000363276793782092
kpop,h15,06172016,A076,Lateral,krill,21.8755,1,0.6175,0.0135,0.069391985181099,0.0015,-0.000576681960704195,0.000941302411124935,0.000367744956069874
kpop,h15,06172016,A076,Lateral,krill,21.8755,1,0.62,0.0136,0.0690583936741407,0.0015,-0.000565727030977266,0.000944959859841398,0.000372213118357655
kpop,h15,06172016,A076,Lateral,krill,21.8755,1,0.6225,0.0136,0.0687248021671823,0.0015,-0.000554772101250335,0.000948617308557862,0.000376681280645436
kpop,h15,06172016,A076,Lateral,krill,21.8755,1,0.625,0.0137,0.068391210660224,0.0015,-0.000543817171523404,0.000952274757274325,0.000381149442933217
kpop,h15,06172016,A076,Lateral,krill,21.8755,1,0.6275,0.0137,0.0680576191532656,0.0015,-0.000532862241796473,0.00095593220599079,0.000385617605220999
kpop,h15,06172016,A076,Lateral,krill,21.8755,1,0.63,0.0138,0.0677240276463071,0.0015,-0.00052190731206954,0.000959589654707252,0.000390085767508779
kpop,h15,06172016,A076,Lateral,krill,21.8755,1,0.6325,0.0138,0.0673904361393489,0.0015,-0.000510952382342611,0.000963247103423715,0.00039455392979656
kpop,h15,06172016,A076,Lateral,krill,21.8755,1,0.635,0.0139,0.0670568446323905,0.0015,-0.000499997452615678,0.00096690455214018,0.000399022092084341
kpop,h15,06172016,A076,Lateral,krill,21.8755,1,0.6375,0.0139,0.0667232531254322,0.0015,-0.000489042522888749,0.000970562000856643,0.000403490254372122
kpop,h15,06172016,A076,Lateral,krill,21.8755,1,0.64,0.014,0.0663896616184738,0.0015,-0.000478087593161817,0.000974219449573107,0.000407958416659904
kpop,h15,06172016,A076,Lateral,krill,21.8755,1,0.6425,0.0141,0.0660560701115154,0.0014,-0.000467132663434886,0.000977876898289569,0.000412426578947685
kpop,h15,06172016,A076,Lateral,krill,21.8755,1,0.645,0.0141,0.0657224786045571,0.0014,-0.000456177733707955,0.000981534347006034,0.000416894741235467
kpop,h15,06172016,A076,Lateral,krill,21.8755,1,0.6475,0.0142,0.0653888870975987,0.0014,-0.000445222803981024,0.000985191795722497,0.000421362903523247
kpop,h15,06172016,A076,Lateral,krill,21.8755,1,0.65,0.0142,0.0650552955906404,0.0014,-0.000434267874254093,0.00098884924443896,0.000425831065811028
kpop,h15,06172016,A076,Lateral,krill,21.8755,1,0.6525,0.0143,0.064721704083682,0.0014,-0.000423312944527162,0.000992506693155424,0.000430299228098809
kpop,h15,06172016,A076,Lateral,krill,21.8755,1,0.655,0.0143,0.0643881125767236,0.0014,-0.00041235801480023,0.000996164141871887,0.00043476739038659
kpop,h15,06172016,A076,Lateral,krill,21.8755,1,0.6575,0.0144,0.0640545210697653,0.0014,-0.0004014030850733,0.00099982159058835,0.000439235552674372
kpop,h15,06172016,A076,Lateral,krill,21.8755,1,0.66,0.0144,0.0637209295628069,0.0014,-0.00039044815534637,0.00100347903930481,0.000443703714962152
kpop,h15,06172016,A076,Lateral,krill,21.8755,1,0.6625,0.0145,0.0633873380558485,0.0014,-0.000379493225619437,0.00100713648802128,0.000448171877249934
kpop,h15,06172016,A076,Lateral,krill,21.8755,1,0.665,0.0145,0.0630537465488902,0.0014,-0.000368538295892506,0.00101079393673774,0.000452640039537715
kpop,h15,06172016,A076,Lateral,krill,21.8755,1,0.6675,0.0146,0.0627201550419318,0.0014,-0.000357583366165576,0.0010144513854542,0.000457108201825495
kpop,h15,06172016,A076,Lateral,krill,21.8755,1,0.67,0.0147,0.0623865635349735,0.0014,-0.000346628436438645,0.00101810883417067,0.000461576364113277
kpop,h15,06172016,A076,Lateral,krill,21.8755,1,0.6725,0.0147,0.0620529720280151,0.0014,-0.000335673506711714,0.00102176628288713,0.000466044526401058
kpop,h15,06172016,A076,Lateral,krill,21.8755,1,0.675,0.0148,0.0617537429360711,0.0014,-0.000325470271994428,0.00102542373160359,0.000470512688688839
kpop,h15,06172016,A076,Lateral,krill,21.8755,1,0.6775,0.0148,0.061490594379892,0.0013,-0.00031605631703727,0.00102908118032006,0.000474980850976621
kpop,h15,06172016,A076,Lateral,krill,21.8755,1,0.68,0.0149,0.061227445823713,0.0013,-0.000306642362080112,0.00103273862903652,0.000479449013264402
kpop,h15,06172016,A076,Lateral,krill,21.8755,1,0.6825,0.0149,0.060964297267534,0.0013,-0.000297228407122954,0.00103639607775299,0.000483917175552182
kpop,h15,06172016,A076,Lateral,krill,21.8755,1,0.685,0.015,0.0607011487113549,0.0013,-0.000287814452165795,0.00104005352646945,0.000488385337839964
kpop,h15,06172016,A076,Lateral,krill,21.8755,1,0.6875,0.015,0.0604380001551758,0.0013,-0.000278400497208637,0.00104371097518591,0.000492853500127745
kpop,h15,06172016,A076,Lateral,krill,21.8755,1,0.69,0.0151,0.0601748515989968,0.0013,-0.000268986542251479,0.00104736842390237,0.000497321662415527
kpop,h15,06172016,A076,Lateral,krill,21.8755,1,0.6925,0.0151,0.0599117030428178,0.0013,-0.000259572587294323,0.00105102587261884,0.000501789824703307
kpop,h15,06172016,A076,Lateral,krill,21.8755,1,0.695,0.0152,0.0596485544866387,0.0013,-0.000250158632337165,0.0010546833213353,0.000506257986991088
kpop,h15,06172016,A076,Lateral,krill,21.8755,1,0.6975,0.0153,0.0593854059304597,0.0013,-0.000240744677380006,0.00105834077005177,0.00051072614927887
kpop,h15,06172016,A076,Lateral,krill,21.8755,1,0.7,0.0153,0.0591222573742807,0.0013,-0.000231330722422849,0.00106199821876823,0.00051519431156665
kpop,h15,06172016,A076,Lateral,krill,21.8755,1,0.7025,0.0154,0.0588591088181016,0.0013,-0.00022191676746569,0.00106565566748469,0.000519662473854431
kpop,h15,06172016,A076,Lateral,krill,21.8755,1,0.705,0.0154,0.0585959602619226,0.0013,-0.000212502812508532,0.00106931311620116,0.000524130636142213
kpop,h15,06172016,A076,Lateral,krill,21.8755,1,0.7075,0.0155,0.0583178346971071,0.0013,-0.000203088857551374,0.00107264293536519,0.000528598798429994
kpop,h15,06172016,A076,Lateral,krill,21.8755,1,0.71,0.0155,0.0578500003562288,0.0013,-0.000193674902594215,0.00107182278019847,0.000533066960717775
kpop,h15,06172016,A076,Lateral,krill,21.8755,1,0.7125,0.0156,0.0573821660153507,0.0013,-0.000184260947637057,0.00107100262503175,0.000537535123005557
kpop,h15,06172016,A076,Lateral,krill,21.8755,1,0.715,0.0156,0.0569143316744726,0.0012,-0.000174846992679899,0.00107018246986503,0.000542003285293339
kpop,h15,06172016,A076,Lateral,krill,21.8755,1,0.7175,0.0157,0.0564464973335944,0.0012,-0.000165433037722741,0.0010693623146983,0.000546471447581119
kpop,h15,06172016,A076,Lateral,krill,21.8755,1,0.72,0.0158,0.0559786629927162,0.0012,-0.000156019082765583,0.00106854215953158,0.0005509396098689
kpop,h15,06172016,A076,Lateral,krill,21.8755,1,0.7225,0.0158,0.0555108286518381,0.0012,-0.000146605127808425,0.00106772200436486,0.000555407772156681
kpop,h15,06172016,A076,Lateral,krill,21.8755,1,0.725,0.0159,0.0550429943109599,0.0012,-0.000137191172851267,0.00106690184919814,0.000559875934444462
kpop,h15,06172016,A076,Lateral,krill,21.8755,1,0.7275,0.0159,0.0545751599700817,0.0012,-0.000127777217894108,0.00106608169403141,0.000564344096732243
kpop,h15,06172016,A076,Lateral,krill,21.8755,1,0.73,0.016,0.0541073256292036,0.0012,-0.00011836326293695,0.00106526153886469,0.000568812259020024
kpop,h15,06172016,A076,Lateral,krill,21.8755,1,0.7325,0.016,0.0536394912883255,0.0012,-0.000108949307979793,0.00106444138369797,0.000573280421307805
kpop,h15,06172016,A076,Lateral,krill,21.8755,1,0.735,0.0161,0.0531716569474473,0.0012,-9.95353530226354e-05,0.00106362122853125,0.000577748583595587
kpop,h15,06172016,A076,Lateral,krill,21.8755,1,0.7375,0.0161,0.0527038226065691,0.0012,-9.01213980654762e-05,0.00106280107336453,0.000582216745883369
kpop,h15,06172016,A076,Lateral,krill,21.8755,1,0.74,0.0162,0.0522359882656909,0.0011,-8.07074431083183e-05,0.0010619809181978,0.000586684908171148
kpop,h15,06172016,A076,Lateral,krill,21.8755,1,0.7425,0.0162,0.0517681539248128,0.0011,-7.12934881511603e-05,0.00106116076303108,0.00059115307045893
kpop,h15,06172016,A076,Lateral,krill,21.8755,1,0.745,0.0163,0.051359360460641,0.0011,-6.31710818923929e-05,0.00106034060786436,0.000595621232746712
kpop,h15,06172016,A076,Lateral,krill,21.8755,1,0.7475,0.0164,0.0510260081167052,0.0011,-5.66989878593468e-05,0.00105952045269764,0.000600089395034492
kpop,h15,06172016,A076,Lateral,krill,21.8755,1,0.75,0.0164,0.0506926557727694,0.0011,-5.02268938263008e-05,0.00105870029753092,0.000604557557322274
kpop,h15,06172016,A076,Lateral,krill,21.8755,1,0.7525,0.0165,0.0503593034288335,0.0011,-4.37547997932547e-05,0.00105788014236419,0.000609025719610055
kpop,h15,06172016,A076,Lateral,krill,21.8755,1,0.755,0.0165,0.0500259510848977,0.0011,-3.72827057602086e-05,0.00105705998719747,0.000613493881897835
kpop,h15,06172016,A076,Lateral,krill,21.8755,1,0.7575,0.0166,0.0496925987409618,0.0011,-3.08106117271613e-05,0.00105623983203075,0.000617962044185617
kpop,h15,06172016,A076,Lateral,krill,21.8755,1,0.76,0.0166,0.0493592463970259,0.0011,-2.43385176941152e-05,0.00105541967686403,0.000622430206473397
kpop,h15,06172016,A076,Lateral,krill,21.8755,1,0.7625,0.0167,0.0490258940530902,0.0011,-1.78664236610704e-05,0.0010545995216973,0.000626898368761179
kpop,h15,06172016,A076,Lateral,krill,21.8755,1,0.765,0.0167,0.0486925417091543,0.0011,-1.13943296280231e-05,0.00105377936653058,0.00063136653104896
kpop,h15,06172016,A076,Lateral,krill,21.8755,1,0.7675,0.0168,0.0483591893652185,0.0011,-4.92223559497698e-06,0.00105295921136386,0.000635834693336742
kpop,h15,06172016,A076,Lateral,krill,21.8755,1,0.77,0.0168,0.0480258370212827,0.0011,1.5498584380691e-06,0.00105213905619714,0.000640302855624522
kpop,h15,06172016,A076,Lateral,krill,21.8755,1,0.7725,0.0169,0.0476924846773468,0.001,8.02195247111518e-06,0.00105131890103042,0.000644771017912303
kpop,h15,06172016,A076,Lateral,krill,21.8755,1,0.775,0.017,0.047359132333411,0.001,1.44940465041613e-05,0.00105049874586369,0.000649239180200085
kpop,h15,06172016,A076,Lateral,krill,21.8755,1,0.7775,0.017,0.0470257799894752,0.001,2.09661405372073e-05,0.00104967859069697,0.000653707342487865
kpop,h15,06172016,A076,Lateral,krill,21.8755,1,0.78,0.0171,0.0466924276455394,0.001,2.74382345702534e-05,0.00104885843553025,0.000658175504775647
kpop,h15,06172016,A076,Lateral,krill,21.8755,1,0.7825,0.0171,0.0463590753016035,0.001,3.39103286032995e-05,0.00104803828036353,0.000662643667063427
kpop,h15,06172016,A076,Lateral,krill,21.8755,1,0.785,0.0172,0.0460257229576677,0.001,4.03824226363456e-05,0.00104721812519681,0.000667111829351208
kpop,h15,06172016,A076,Lateral,krill,21.8755,1,0.7875,0.0172,0.0456923706137319,0.001,4.68545166693917e-05,0.00104639797003008,0.000671579991638991
kpop,h15,06172016,A076,Lateral,krill,21.8755,1,0.79,0.0173,0.045359018269796,0.001,5.3326610702439e-05,0.00104557781486336,0.000676048153926772
kpop,h15,06172016,A076,Lateral,krill,21.8755,1,0.7925,0.0173,0.0450256659258603,0.001,5.97987047354838e-05,0.00104475765969664,0.000680516316214553
kpop,h15,06172016,A076,Lateral,krill,21.8755,1,0.795,0.0174,0.0446923135819243,0.001,6.62707987685311e-05,0.00104393750452992,0.000684984478502334
kpop,h15,06172016,A076,Lateral,krill,21.8755,1,0.7975,0.0174,0.0443589612379885,0.001,7.2742892801576e-05,0.00104311734936319,0.000689452640790115
kpop,h15,06172016,A076,Lateral,krill,21.8755,1,0.8,0.0175,0.0440256088940527,0.001,7.92149868346233e-05,0.00104229719419647,0.000693920803077896
kpop,h15,06172016,A076,Lateral,krill,21.8755,1,0.8025,0.0176,0.0436922565501169,0.001,8.56870808676694e-05,0.00104147703902975,0.000697220637230547
kpop,h15,06172016,A076,Lateral,krill,21.8755,1,0.805,0.0176,0.043358904206181,0.0009,9.21591749007166e-05,0.00104065688386303,0.000693418044950216
kpop,h15,06172016,A076,Lateral,krill,21.8755,1,0.8075,0.0177,0.0430255518622452,0.0009,9.86312689337627e-05,0.00103983672869631,0.000689615452669886
kpop,h15,06172016,A076,Lateral,krill,21.8755,1,0.81,0.0177,0.0425448557546232,0.0009,0.000105103362966808,0.00103579335502707,0.000685812860389555
kpop,h15,06172016,A076,Lateral,krill,21.8755,1,0.8125,0.0178,0.0420338241662424,0.0009,0.000111575456999855,0.00103108637754849,0.000682010268109226
kpop,h15,06172016,A076,Lateral,krill,21.8755,1,0.815,0.0178,0.0414313260768053,0.0009,0.000120048426476757,0.00102637940006991,0.000678207675828897
kpop,h15,06172016,A076,Lateral,krill,21.8755,1,0.8175,0.0179,0.0406859115794678,0.0009,0.000131647763834684,0.00102167242259133,0.000674405083548566
kpop,h15,06172016,A076,Lateral,krill,21.8755,1,0.82,0.0179,0.0399404970821303,0.0009,0.000143247101192611,0.00101696544511275,0.000670602491268234
kpop,h15,06172016,A076,Lateral,krill,21.8755,1,0.8225,0.018,0.0391950825847929,0.0009,0.000154846438550537,0.00101225846763417,0.000666799898987905
kpop,h15,06172016,A076,Lateral,krill,21.8755,1,0.825,0.018,0.0384496680874554,0.0008,0.000166445775908465,0.00100755149015559,0.000662997306707574
kpop,h15,06172016,A076,Lateral,krill,21.8755,1,0.8275,0.0181,0.037704253590118,0.0008,0.00017804511326639,0.00100284451267702,0.000659194714427244
kpop,h15,06172016,A076,Lateral,krill,21.8755,1,0.83,0.0182,0.0369588390927805,0.0008,0.000189644450624317,0.000998137535198437,0.000655392122146913
kpop,h15,06172016,A076,Lateral,krill,21.8755,1,0.8325,0.0182,0.0362134245954429,0.0008,0.000201243787982245,0.000993430557719856,0.000651589529866583
kpop,h15,06172016,A076,Lateral,krill,21.8755,1,0.835,0.0183,0.0354680100981055,0.0008,0.000212843125340171,0.000988723580241279,0.000647786937586253
kpop,h15,06172016,A076,Lateral,krill,21.8755,1,0.8375,0.0183,0.0347225956007681,0.0008,0.000224442462698098,0.0009840166027627,0.000643984345305923
kpop,h15,06172016,A076,Lateral,krill,21.8755,1,0.84,0.0184,0.0339771811034305,0.0007,0.000236041800056025,0.00097930962528412,0.000640181753025591
kpop,h15,06172016,A076,Lateral,krill,21.8755,1,0.8425,0.0184,0.0332317666060931,0.0007,0.000247641137413952,0.000974602647805541,0.000636379160745262
kpop,h15,06172016,A076,Lateral,krill,21.8755,1,0.845,0.0185,0.0324863521087556,0.0007,0.000259240474771879,0.000969895670326963,0.000632576568464931
kpop,h15,06172016,A076,Lateral,krill,21.8755,1,0.8475,0.0185,0.0317409376114181,0.0007,0.000270839812129806,0.000965188692848383,0.0006287739761846
kpop,h15,06172016,A076,Lateral,krill,21.8755,1,0.85,0.0186,0.0309955231140807,0.0007,0.000282439149487732,0.000960481715369804,0.00062497138390427
kpop,h15,06172016,A076,Lateral,krill,21.8755,1,0.8525,0.0186,0.0302501086167432,0.0007,0.000294038486845659,0.000955774737891225,0.000621168791623939
kpop,h15,06172016,A076,Lateral,krill,21.8755,1,0.855,0.0187,0.0295046941194058,0.0006,0.000305637824203585,0.000951067760412646,0.000617366199343609
kpop,h15,06172016,A076,Lateral,krill,21.8755,1,0.8575,0.0188,0.0289987316972067,0.0006,0.000311999027691821,0.000946360782934067,0.000613563607063278
kpop,h15,06172016,A076,Lateral,krill,21.8755,1,0.86,0.0188,0.0290085122060753,0.0006,0.000307078096691487,0.000941653805455488,0.000609761014782949
kpop,h15,06172016,A076,Lateral,krill,21.8755,1,0.8625,0.0189,0.0290182927149438,0.0006,0.000302157165691155,0.000936946827976908,0.000605958422502618
kpop,h15,06172016,A076,Lateral,krill,21.8755,1,0.865,0.0189,0.0290280732238123,0.0006,0.000297236234690823,0.00093223985049833,0.000602155830222288
kpop,h15,06172016,A076,Lateral,krill,21.8755,1,0.8675,0.019,0.0290378537326809,0.0006,0.000292315303690489,0.00092753287301975,0.000598353237941957
kpop,h15,06172016,A076,Lateral,krill,21.8755,1,0.87,0.019,0.0290476342415493,0.0006,0.000287394372690159,0.000922825895541171,0.000594550645661627
kpop,h15,06172016,A076,Lateral,krill,21.8755,1,0.8725,0.0191,0.0290574147504179,0.0006,0.000282473441689825,0.000918118918062592,0.000590748053381297
kpop,h15,06172016,A076,Lateral,krill,21.8755,1,0.875,0.0191,0.0290671952592864,0.0006,0.000277552510689493,0.000913411940584013,0.000586945461100966
kpop,h15,06172016,A076,Lateral,krill,21.8755,1,0.8775,0.0192,0.0290769757681549,0.0006,0.000272631579689161,0.000908704963105434,0.000583142868820635
kpop,h15,06172016,A076,Lateral,krill,21.8755,1,0.88,0.0193,0.0290339756075615,0.0006,0.000267710648688827,0.00090284338209204,0.000579340276540306
kpop,h15,06172016,A076,Lateral,krill,21.8755,1,0.8825,0.0193,0.0289761308836819,0.0006,0.000262789717688495,0.000896657068834479,0.000575537684259975
kpop,h15,06172016,A076,Lateral,krill,21.8755,1,0.885,0.0194,0.0289182861598022,0.0006,0.000257868786688163,0.000890470755576917,0.000571735091979644
kpop,h15,06172016,A076,Lateral,krill,21.8755,1,0.8875,0.0194,0.0288604414359226,0.0006,0.00025294785568783,0.000884284442319356,0.000567932499699315
kpop,h15,06172016,A076,Lateral,krill,21.8755,1,0.89,0.0195,0.028802596712043,0.0006,0.000248026924687498,0.000878098129061796,0.000564129907418984
kpop,h15,06172016,A076,Lateral,krill,21.8755,1,0.8925,0.0195,0.0286533996498414,0.0006,0.00024510437176413,0.000871911815804234,0.000560327315138653
kpop,h15,06172016,A076,Lateral,krill,21.8755,1,0.895,0.0196,0.0284943266591725,0.0006,0.000242397859713946,0.000865725502546674,0.000556524722858322
kpop,h15,06172016,A076,Lateral,krill,21.8755,1,0.8975,0.0196,0.0283352536685036,0.0006,0.000239691347663762,0.000859539189289114,0.000552722130577992
kpop,h15,06172016,A076,Lateral,krill,21.8755,1,0.9,0.0197,0.0281761806778346,0.0006,0.00023698483561358,0.000853352876031551,0.000548919538297663
kpop,h15,06172016,A076,Lateral,krill,21.8755,1,0.9025,0.0197,0.0280171076871657,0.0006,0.000234278323563397,0.000847166562773991,0.000545116946017332
kpop,h15,06172016,A076,Lateral,krill,21.8755,1,0.905,0.0198,0.0278580346964968,0.0006,0.000231571811513214,0.00084098024951643,0.000541314353737002
kpop,h15,06172016,A076,Lateral,krill,21.8755,1,0.9075,0.0199,0.0276989617058279,0.0006,0.000228865299463031,0.000834793936258869,0.000537511761456672
kpop,h15,06172016,A076,Lateral,krill,21.8755,1,0.91,0.0199,0.0275398887151589,0.0006,0.000226158787412848,0.000828607623001307,0.000533709169176341
kpop,h15,06172016,A076,Lateral,krill,21.8755,1,0.9125,0.02,0.02738081572449,0.0006,0.000223452275362666,0.000822421309743747,0.00052990657689601
kpop,h15,06172016,A076,Lateral,krill,21.8755,1,0.915,0.02,0.0272217427338211,0.0006,0.000220745763312482,0.000816234996486185,0.00052610398461568
kpop,h15,06172016,A076,Lateral,krill,21.8755,1,0.9175,0.0201,0.0270626697431522,0.0006,0.000218039251262299,0.000810048683228625,0.00052230139233535
kpop,h15,06172016,A076,Lateral,krill,21.8755,1,0.92,0.0201,0.0269035967524832,0.0006,0.000215332739212117,0.000803862369971063,0.000518498800055019
kpop,h15,06172016,A076,Lateral,krill,21.8755,1,0.9225,0.0202,0.0267445237618142,0.0006,0.000212626227161934,0.000797676056713502,0.000514696207774688
kpop,h15,06172016,A076,Lateral,krill,21.8755,1,0.925,0.0202,0.0265854507711454,0.0006,0.000209919715111751,0.000791489743455941,0.000510893615494358
kpop,h15,06172016,A076,Lateral,krill,21.8755,1,0.9275,0.0203,0.0264263777804765,0.0006,0.000207213203061567,0.000785303430198381,0.000507091023214028
kpop,h15,06172016,A076,Lateral,krill,21.8755,1,0.93,0.0203,0.0262673047898075,0.0006,0.000204506691011385,0.00077911711694082,0.000503288430933697
kpop,h15,06172016,A076,Lateral,krill,21.8755,1,0.9325,0.0204,0.0261082317991386,0.0006,0.000201800178961202,0.000772930803683258,0.000499485838653367
kpop,h15,06172016,A076,Lateral,krill,21.8755,1,0.935,0.0205,0.0259491588084697,0.0006,0.00019909366691102,0.000766744490425698,0.000495683246373037
kpop,h15,06172016,A076,Lateral,krill,21.8755,1,0.9375,0.0205,0.0257900858178007,0.0006,0.000196387154860837,0.000760558177168137,0.000491880654092706
kpop,h15,06172016,A076,Lateral,krill,21.8755,1,0.94,0.0206,0.0256310128271318,0.0006,0.000193680642810654,0.000754371863910576,0.000488078061812375
kpop,h15,06172016,A076,Lateral,krill,21.8755,1,0.9425,0.0206,0.0254719398364629,0.0006,0.00019097413076047,0.000748185550653014,0.000484275469532046
kpop,h15,06172016,A076,Lateral,krill,21.8755,1,0.945,0.0207,0.025312866845794,0.0006,0.000188267618710288,0.000741999237395454,0.000480472877251716
kpop,h15,06172016,A076,Lateral,krill,21.8755,1,0.9475,0.0207,0.0251537938551251,0.0006,0.000185561106660104,0.000735812924137892,0.000476670284971385
kpop,h15,06172016,A076,Lateral,krill,21.8755,1,0.95,0.0208,0.0249947208644561,0.0005,0.000182854594609922,0.000729626610880332,0.000472867692691055
kpop,h15,06172016,A076,Lateral,krill,21.8755,1,0.9525,0.0208,0.0248356478737872,0.0005,0.000180148082559739,0.000723440297622771,0.000469065100410725
kpop,h15,06172016,A076,Lateral,krill,21.8755,1,0.955,0.0209,0.0246765748831183,0.0005,0.000177441570509556,0.000717253984365209,0.000465262508130394
kpop,h15,06172016,A076,Lateral,krill,21.8755,1,0.9575,0.0209,0.0245175018924493,0.0005,0.000174735058459373,0.000711067671107649,0.000461459915850063
kpop,h15,06172016,A076,Lateral,krill,21.8755,1,0.96,0.021,0.0243584289017804,0.0005,0.000172028546409191,0.000704881357850088,0.000457657323569733
kpop,h15,06172016,A076,Lateral,krill,21.8755,1,0.9625,0.0211,0.0241993559111115,0.0005,0.000169322034359007,0.000698695044592527,0.000453854731289403
kpop,h15,06172016,A076,Lateral,krill,21.8755,1,0.965,0.0211,0.0240402829204425,0.0005,0.000166615522308825,0.000692508731334965,0.000450052139009072
kpop,h15,06172016,A076,Lateral,krill,21.8755,1,0.9675,0.0212,0.0235034556659013,0.0005,0.000172172573657981,0.000686322418077405,0.000446249546728742
kpop,h15,06172016,A076,Lateral,krill,21.8755,1,0.97,0.0212,0.0224333282741285,0.0005,0.000189395832159145,0.000680136104819843,0.000442446954448411
kpop,h15,06172016,A076,Lateral,krill,21.8755,1,0.9725,0.0213,0.0213632008823557,0.0005,0.000206619090660311,0.000673949791562283,0.000438644362168081
kpop,h15,06172016,A076,Lateral,krill,21.8755,1,0.975,0.0213,0.0202930734905831,0.0004,0.000223842349161473,0.000667763478304723,0.00043484176988775
kpop,h15,06172016,A076,Lateral,krill,21.8755,1,0.9775,0.0214,0.0192229460988102,0.0004,0.000241065607662637,0.00066157716504716,0.00043103917760742
kpop,h15,06172016,A076,Lateral,krill,21.8755,1,0.98,0.0214,0.0181528187070375,0.0004,0.000258288866163801,0.000655390851789599,0.000427236585327089
kpop,h15,06172016,A076,Lateral,krill,21.8755,1,0.9825,0.0215,0.0170826913152647,0.0004,0.000275512124664965,0.000649204538532039,0.000423433993046759
kpop,h15,06172016,A076,Lateral,krill,21.8755,1,0.985,0.0215,0.0158590951303262,0.0003,0.00029273538316613,0.000639661018689582,0.000419631400766428
kpop,h15,06172016,A076,Lateral,krill,21.8755,1,0.9875,0.0216,0.0132159126086052,0.0003,0.000309958641667293,0.000599063337936836,0.000415828808486099
kpop,h15,06172016,A076,Lateral,krill,21.8755,1,0.99,0.0217,0.0105727300868842,0.0002,0.000327181900168457,0.000558465657184092,0.000412026216205768
kpop,h15,06172016,A076,Lateral,krill,21.8755,1,0.9925,0.0217,0.00792954756516306,0.0002,0.000344405158669621,0.000517867976431346,0.000408223623925438
kpop,h15,06172016,A076,Lateral,krill,21.8755,1,0.995,0.0218,0.00528636504344204,0.0001,0.000361628417170786,0.000477270295678602,0.000404421031645107
kpop,h15,06172016,A076,Lateral,krill,21.8755,1,0.9975,0.0218,0.00264318252172108,0.0001,0.000378851675671949,0.000436672614925859,0.000400618439364777
kpop,h15,06172016,A076,Lateral,krill,21.8755,1,1,0.0219,0,0,0.000396074934173114,0.000396074934173114,0.000396815847084446
